,ANN,BAYESIAN,SDG
,"0,255","0,259","0,248"
,"0,246","0,063","0,248"
,"0,246","0,246","0,208"
,"0,246","0,247","0,218"
,"0,050","0,240","0,214"
,"0,242","0,259","0,213"
,"0,233","0,247","0,216"
,"0,245","0,234","0,206"
,"0,209","0,251","0,205"
,"0,237","0,250","0,216"
,"0,237","0,255","0,208"
,"0,222","0,228","0,207"
,"0,238","0,233","0,202"
,"0,226","0,255","0,195"
,"0,234","0,247","0,201"
,"0,234","0,255","0,203"
,"0,223","0,243","0,201"
,"0,227","0,237","0,167"
,"0,231","0,251","0,165"
,"0,223","0,244","0,168"
,"0,218","0,249","0,166"
,"0,212","0,252","0,166"
,"0,212","0,241","0,149"
,"0,208","0,246","0,150"
,"0,212","0,247","0,157"
,"0,195","0,245","0,150"
,"0,189","0,245","0,144"
,"0,197","0,246","0,128"
,"0,189","0,242","0,122"
,"0,212","0,237","0,116"
,"0,170","0,222","0,110"
,"0,183","0,229","0,107"
,"0,215","0,209","0,043"
,"0,199","0,207","0,038"
,"0,199","0,178","0,021"
,"0,211","0,174","0,048"
,"0,183","0,172","0,074"
,"0,171","0,157","-0,042"
,"0,163","0,140","-0,051"
,"0,187","0,139","-0,058"
,"0,187","0,119","-0,066"
,"0,192","0,128","-0,074"
,"0,212","0,090","-0,116"
,"0,196","0,070","-0,122"
,"0,200","0,118","-0,129"
,"0,196","0,189","-0,089"
,"0,201","0,153","-0,115"
,"0,201","0,145","-0,131"
,"0,189","0,159","-0,153"
,"0,140","0,188","-0,133"
,"0,104","0,175","-0,126"
,"0,148","0,175","-0,129"
,"0,103","0,190","-0,073"
,"0,099","0,172","-0,157"
,"0,150","0,155","-0,148"
,"0,166","0,168","-0,141"
,"0,020","0,179","-0,141"
,"0,024","0,151","-0,140"
,"0,116","0,121","-0,203"
,"0,112","0,147","-0,230"
,"0,104","0,072","-0,216"
,"0,183","0,166","-0,174"
,"0,170","0,092","-0,082"
,"0,162","0,130","-0,046"
,"0,158","0,178","-0,045"
,"0,174","0,167","-0,054"
,"0,158","0,140","-0,051"
,"0,162","0,169","0,066"
,"0,162","0,167","0,078"
,"0,162","0,150","0,073"
,"0,138","0,134","0,076"
,"0,156","0,139","0,072"
,"0,144","0,129","0,099"
,"0,140","0,100","0,085"
,"0,166","0,173","0,109"
,"0,114","0,143","0,104"
,"0,149","0,130","0,099"
,"0,157","0,167","0,069"
,"0,133","0,162","0,076"
,"0,161","0,166","0,092"
,"0,153","0,166","0,082"
,"0,115","0,149","0,091"
,"0,102","0,156","0,041"
,"0,126","0,151","-0,110"
,"0,116","0,153","0,044"
,"0,120","0,138","0,011"
,"0,115","0,141","0,030"
,"0,119","0,153","0,013"
,"0,087","0,120","-0,018"
,"0,149","0,106","-0,031"
,"0,135","0,111","-0,020"
,"0,077","0,130","-0,032"
,"0,104","0,143","-0,074"
,"0,127","0,112","-0,060"
,"0,105","0,116","-0,095"
,"0,113","0,109","-0,138"
,"0,086","0,100","-0,125"
,"0,106","0,078","-0,027"
,"0,098","0,112","-0,031"
,"-0,034","0,112","-0,029"
,"-0,018","0,120","-0,043"
,"-0,012","0,140","-0,041"
,"0,116","0,101","0,014"
,"0,097","0,089","0,028"
,"0,101","0,049","0,071"
,"0,092","0,082","0,012"
,"0,115","0,090","0,064"
,"0,123","0,095","0,058"
,"0,107","0,061","0,058"
,"0,119","0,099","0,047"
,"0,111","0,103","0,043"
,"0,099","0,100","0,039"
,"0,123","0,090","0,010"
,"0,101","0,092","-0,002"
,"0,085","0,084","0,015"
,"0,087","0,069","0,018"
,"0,073","0,092","0,006"
,"0,089","0,090","0,020"
,"0,101","0,099","0,017"
,"0,117","0,100","0,044"
,"0,065","0,095","-0,008"
,"0,121","0,097","0,051"
,"0,129","0,091","-0,001"
,"0,113","0,087","-0,006"
,"0,121","0,097","0,011"
,"0,117","0,096","0,004"
,"0,097","0,080","0,003"
,"0,096","0,065","0,009"
,"0,104","0,076","0,000"
,"0,084","0,079","0,003"
,"0,083","0,093","-0,003"
,"0,054","0,086","0,003"
,"0,080","0,071","-0,001"
,"0,075","0,085","-0,007"
,"0,122","0,082","0,038"
,"0,026","0,083","-0,019"
,"0,093","0,082","0,027"
,"0,121","0,072","-0,030"
,"0,125","0,059","0,009"
,"0,108","0,062","0,014"
,"0,102","0,057","0,006"
,"0,054","0,068","0,002"
,"0,082","-0,062","0,015"
,"0,040","0,095","0,006"
,"0,052","0,063","0,000"
,"0,075","-0,023","0,001"
,"0,072","-0,038","-0,008"
,"0,076","0,067","0,011"
,"0,072","0,060","0,007"
,"0,122","0,051","0,007"
,"0,022","0,073","0,005"
,"0,078","0,084","0,008"
,"0,117","0,063","0,001"
,"0,089","0,059","-0,018"
,"0,075","0,061","-0,022"
,"0,079","0,062","-0,009"
,"0,037","0,065","-0,039"
,"0,065","0,041","-0,034"
,"0,089","0,050","-0,043"
,"0,030","0,065","-0,039"
,"0,062","0,059","-0,040"
,"0,076","0,042","-0,042"
,"0,072","0,044","-0,034"
,"0,066","0,055","-0,056"
,"0,122","0,058","0,020"
,"-0,014","0,052","-0,013"
,"0,077","0,051","-0,023"
,"0,100","0,028","-0,009"
,"0,099","0,062","0,001"
,"0,103","0,045","0,001"
,"0,043","0,050","-0,011"
,"0,043","0,046","-0,028"
,"0,031","0,049","-0,015"
,"0,044","0,033","-0,008"
,"0,048","0,054","-0,027"
,"0,024","0,057","-0,029"
,"0,045","0,055","-0,030"
,"0,043","0,033","-0,031"
,"0,055","0,050","-0,035"
,"0,123","0,043","0,007"
,"-0,017","0,039","-0,005"
,"0,056","0,033","-0,027"
,"0,107","0,037","-0,064"
,"0,094","0,056","-0,004"
,"0,050","0,037","-0,009"
,"0,082","0,041","-0,013"
,"0,049","0,033","-0,027"
,"0,037","0,044","-0,023"
,"0,063","0,050","-0,052"
,"0,054","0,035","-0,040"
,"0,034","0,048","-0,035"
,"0,071","0,048","-0,039"
,"0,057","0,017","-0,024"
,"0,061","0,042","-0,030"
,"0,105","0,044","0,117"
,"-0,015","0,041","0,021"
,"0,081","0,046","0,038"
,"0,108","0,036","0,030"
,"0,072","0,039","0,043"
,"0,063","0,025","0,033"
,"0,099","0,023","0,046"
,"0,070","0,020","0,037"
,"0,065","0,020","-0,069"
,"0,065","0,030","-0,067"
,"0,066","0,027","-0,097"
,"0,070","0,007","-0,068"
,"0,070","0,027","-0,066"
,"0,056","0,034","-0,081"
,"0,064","0,007","-0,085"
,"0,113","0,043","-0,171"
,"-0,007","0,035","-0,211"
,"0,108","0,004","-0,226"
,"0,084","0,014","-0,260"
,"0,087","0,033","-0,260"
,"0,094","0,011","-0,266"
,"0,110","0,019","-0,265"
,"0,078","0,016","-0,234"
,"0,102","0,026","-0,084"
,"0,084","0,026","-0,083"
,"0,028","0,014","-0,082"
,"0,061","-0,031","-0,076"
,"0,056","-0,024","-0,083"
,"0,072","-0,014","-0,044"
,"0,067","-0,020","-0,060"
,"0,123","-0,040","-0,023"
,"0,027","0,013","-0,039"
,"0,104","0,036","-0,052"
,"0,120","-0,009","-0,041"
,"0,116","-0,028","-0,065"
,"0,106","-0,013","-0,051"
,"0,085","-0,032","-0,071"
,"0,105","-0,017","-0,069"
,"0,109","-0,029","-0,073"
,"0,105","-0,033","-0,082"
,"0,083","-0,022","-0,081"
,"0,091","-0,016","-0,110"
,"0,083","-0,031","-0,102"
,"0,075","-0,037","-0,103"
,"0,071","-0,044","-0,102"
,"0,122","-0,017","0,099"
,"0,126","-0,005","0,021"
,"0,091","0,006","0,037"
,"0,131","-0,021","0,075"
,"0,131","-0,050","0,078"
,"0,123","-0,024","0,072"
,"0,131","-0,047","0,076"
,"0,121","-0,045","0,079"
,"0,107","-0,044","0,073"
,"0,103","-0,060","0,062"
,"0,115","-0,065","0,060"
,"0,103","-0,073","0,058"
,"0,104","-0,088","0,048"
,"0,060","-0,073","0,070"
,"0,089","-0,073","0,060"
,"0,150","-0,092","0,059"
,"0,064","-0,062","0,058"
,"0,105","-0,088","0,085"
,"0,049","-0,107","0,085"
,"0,117","-0,108","0,093"
,"0,121","-0,104","0,086"
,"0,125","-0,109","0,086"
,"0,119","-0,100","0,080"
,"0,131","-0,073","0,068"
,"0,118","-0,028","0,077"
,"0,122","0,012","0,072"
,"0,117","0,013","0,072"
,"0,121","0,013","0,066"
,"0,121","0,007","0,065"
,"0,111","0,008","0,063"
,"0,161","-0,002","0,085"
,"0,117","-0,004","0,092"
,"0,110","0,005","0,081"
,"0,156","0,004","0,089"
,"0,125","-0,022","0,090"
,"0,137","-0,022","0,099"
,"0,133","-0,013","0,100"
,"0,125","-0,009","0,100"
,"0,137","-0,053","0,093"
,"0,137","-0,026","0,083"
,"0,137","-0,054","0,086"
,"0,137","-0,062","0,086"
,"0,142","-0,039","0,086"
,"0,132","-0,083","0,084"
,"0,132","-0,022","0,080"
,"0,179","-0,051","0,166"
,"0,163","-0,041","0,130"
,"0,159","-0,039","0,135"
,"0,179","-0,149","0,150"
,"0,175","-0,145","0,135"
,"0,175","-0,086","0,128"
,"0,179","-0,079","0,133"
,"0,169","-0,073","0,141"
,"0,160","-0,064","0,141"
,"0,141","-0,055","0,146"
,"0,141","-0,063","0,145"
,"0,141","-0,068","0,145"
,"0,144","-0,074","0,145"
,"0,136","-0,069","0,150"
,"0,140","-0,081","0,146"
,"0,196","-0,092","0,157"
,"0,155","-0,096","0,161"
,"0,145","-0,104","0,160"
,"0,189","-0,096","0,162"
,"0,189","-0,094","0,160"
,"0,185","-0,096","0,153"
,"0,176","-0,096","0,149"
,"0,171","-0,086","0,151"
,"0,179","-0,046","0,149"
,"0,179","-0,053","0,146"
,"0,175","-0,057","0,150"
,"0,171","-0,056","0,152"
,"0,173","-0,061","0,152"
,"0,173","-0,065","0,156"
,"0,177","-0,056","0,152"
,"0,200","-0,079","0,184"
,"0,200","-0,132","0,134"
,"0,198","-0,240","0,178"
,"0,194","-0,242","0,160"
,"0,198","-0,238","0,169"
,"0,194","-0,242","0,156"
,"0,194","-0,133","0,151"
,"0,185","-0,108","0,158"
,"0,185","-0,105","0,099"
,"0,181","-0,105","0,132"
,"0,181","-0,099","0,145"
,"0,177","-0,054","0,133"
,"0,182","-0,066","0,131"
,"0,180","-0,063","0,128"
,"0,168","-0,067","0,098"
,"0,187","-0,077","0,112"
,"0,195","-0,136","0,123"
,"0,192","-0,055","0,121"
,"0,196","-0,148","0,148"
,"0,196","-0,143","0,144"
,"0,188","-0,139","0,146"
,"0,196","-0,076","0,148"
,"0,192","-0,071","0,149"
,"0,179","-0,080","0,149"
,"0,183","-0,081","0,151"
,"0,179","-0,080","0,150"
,"0,179","-0,082","0,148"
,"0,176","-0,083","0,142"
,"0,184","-0,077","0,137"
,"0,171","-0,079","0,137"
,"0,190","-0,071","0,145"
,"0,178","-0,064","0,143"
,"0,178","-0,066","0,148"
,"0,184","-0,107","0,150"
,"0,180","-0,108","0,150"
,"0,172","-0,107","0,145"
,"0,180","-0,112","0,149"
,"0,184","-0,096","0,144"
,"0,184","-0,126","-0,005"
,"0,174","-0,121","-0,004"
,"0,166","-0,133","-0,006"
,"0,162","-0,139","0,135"
,"0,173","-0,137","0,136"
,"0,173","-0,091","0,133"
,"0,173","-0,143","0,133"
,"0,170","-0,153","0,143"
,"0,182","-0,127","0,144"
,"0,185","-0,134","0,140"
,"0,181","-0,132","0,132"
,"0,181","-0,130","0,132"
,"0,175","-0,150","0,133"
,"0,171","-0,116","0,130"
,"0,167","-0,125","0,133"
,"0,175","-0,142","0,133"
,"0,175","-0,158","0,135"
,"0,167","-0,144","0,130"
,"0,171","-0,155","0,119"
,"0,170","-0,145","0,118"
,"0,166","-0,129","0,117"
,"0,162","-0,114","0,124"
,"0,184","-0,128","0,135"
,"0,180","-0,134","0,122"
,"0,161","-0,106","0,132"
,"0,165","-0,113","0,135"
,"0,153","-0,114","0,122"
,"0,165","-0,098","0,113"
,"0,165","-0,116","0,106"
,"0,168","-0,106","0,125"
,"0,160","-0,086","0,121"
,"0,164","-0,096","0,128"
,"0,168","-0,276","0,116"
,"0,168","-0,299","0,128"
,"0,150","-0,280","0,123"
,"0,128","-0,088","0,112"
,"0,131","-0,282","0,101"
,"0,164","-0,294","0,093"
,"0,164","-0,099","0,099"
,"0,159","-0,123","0,130"
,"0,171","-0,099","0,110"
,"0,167","-0,107","0,111"
,"0,167","-0,103","0,112"
,"0,163","-0,103","0,108"
,"-0,054","-0,127","0,109"
,"-0,038","-0,114","0,105"
,"-0,005","-0,107","0,115"
,"0,127","-0,101","0,108"
,"0,131","-0,139","0,085"
,"0,121","-0,101","0,078"
,"0,133","-0,112","0,074"
,"0,125","-0,092","0,077"
,"0,170","-0,152","0,107"
,"0,102","-0,092","0,078"
,"0,143","-0,100","0,104"
,"0,098","-0,079","0,080"
,"0,142","-0,083","0,094"
,"0,127","-0,068","0,092"
,"0,127","-0,084","0,090"
,"0,116","-0,069","0,099"
,"0,128","-0,064","0,089"
,"0,120","-0,063","0,074"
,"0,120","-0,086","0,070"
,"0,120","-0,081","0,085"
,"0,132","-0,074","0,077"
,"0,115","-0,100","0,060"
,"0,115","-0,082","0,057"
,"0,147","-0,086","0,079"
,"0,096","-0,085","0,054"
,"0,114","-0,115","0,074"
,"0,122","-0,094","0,055"
,"0,126","-0,091","0,054"
,"0,126","-0,163","0,039"
,"0,126","-0,145","0,034"
,"0,120","-0,172","0,047"
,"0,110","-0,195","0,045"
,"0,105","-0,172","0,037"
,"0,101","-0,153","0,048"
,"0,101","-0,182","0,047"
,"0,102","-0,141","0,042"
,"0,106","-0,112","0,064"
,"0,093","-0,122","0,068"
,"0,125","-0,116","0,046"
,"0,121","-0,125","0,047"
,"0,124","-0,120","0,036"
,"0,120","-0,139","0,035"
,"0,120","-0,105","0,015"
,"0,110","-0,131","0,006"
,"0,105","-0,124","0,012"
,"0,089","-0,126","0,004"
,"0,093","-0,158","0,008"
,"0,097","-0,154","0,011"
,"0,101","-0,191","0,012"
,"0,095","-0,217","0,009"
,"0,085","-0,216","-0,001"
,"0,085","-0,219","-0,002"
,"0,080","-0,203","-0,004"
,"0,099","-0,186","0,040"
,"0,059","-0,168","-0,003"
,"0,080","-0,158","0,050"
,"0,096","-0,153","-0,007"
,"0,098","-0,147","0,017"
,"0,082","-0,152","0,021"
,"0,090","-0,169","0,020"
,"0,073","-0,163","0,008"
,"0,059","-0,200","-0,005"
,"0,075","-0,212","0,003"
,"0,050","-0,201","-0,004"
,"0,041","-0,175","-0,004"
,"0,040","-0,184","-0,007"
,"0,034","-0,194","-0,061"
,"0,054","-0,164","0,012"
,"0,099","-0,209","0,050"
,"0,031","-0,181","-0,008"
,"0,063","-0,177","0,024"
,"0,093","-0,189","-0,009"
,"0,093","-0,162","0,017"
,"0,081","-0,181","0,007"
,"0,069","-0,190","0,003"
,"0,071","-0,179","0,009"
,"0,071","-0,161","0,003"
,"0,065","-0,175","-0,008"
,"0,052","-0,164","-0,014"
,"0,032","-0,166","-0,023"
,"0,048","-0,193","-0,009"
,"0,056","-0,156","-0,004"
,"0,048","-0,157","-0,001"
,"0,112","-0,161","0,027"
,"0,015","-0,149","0,011"
,"0,036","-0,170","0,005"
,"0,092","-0,146","0,006"
,"0,068","-0,165","-0,007"
,"0,080","-0,138","-0,005"
,"0,075","-0,142","-0,004"
,"0,036","-0,138","-0,013"
,"0,043","-0,132","-0,012"
,"0,031","-0,135","0,000"
,"0,038","-0,135","-0,007"
,"0,022","-0,141","-0,010"
,"0,053","-0,146","-0,017"
,"0,053","-0,129","-0,033"
,"0,036","-0,141","-0,048"
,"0,109","-0,133","-0,047"
,"0,012","-0,161","-0,052"
,"0,060","-0,131","-0,046"
,"0,094","-0,149","-0,056"
,"0,082","-0,138","-0,064"
,"0,094","-0,149","-0,070"
,"0,085","-0,141","-0,071"
,"0,063","-0,141","-0,070"
,"0,053","-0,142","-0,076"
,"0,032","-0,123","-0,092"
,"0,036","-0,123","-0,096"
,"0,034","-0,143","-0,096"
,"0,012","-0,130","-0,092"
,"0,032","-0,139","-0,108"
,"0,031","-0,136","-0,117"
,"0,092","-0,132","-0,010"
,"0,023","-0,129","-0,038"
,"0,037","-0,144","-0,025"
,"0,077","-0,133","-0,044"
,"0,045","-0,128","-0,043"
,"0,077","-0,144","-0,047"
,"0,040","-0,129","-0,046"
,"0,062","-0,173","-0,051"
,"0,052","-0,195","-0,041"
,"0,047","-0,197","-0,053"
,"-0,021","-0,197","-0,070"
,"0,033","-0,179","-0,067"
,"0,038","-0,204","-0,065"
,"0,030","-0,214","-0,060"
,"0,032","-0,213","-0,060"
,"0,086","-0,192","0,003"
,"0,014","-0,163","-0,040"
,"0,049","-0,173","-0,004"
,"0,076","-0,182","-0,037"
,"0,072","-0,178","-0,048"
,"0,052","-0,176","-0,027"
,"0,083","-0,166","-0,037"
,"0,061","-0,168","-0,054"
,"0,016","-0,170","-0,032"
,"0,042","-0,174","-0,038"
,"0,046","-0,179","-0,034"
,"0,033","-0,174","-0,179"
,"0,044","-0,160","-0,042"
,"0,060","-0,267","-0,198"
,"0,056","-0,173","-0,130"
,"0,116","-0,150","-0,092"
,"0,044","-0,161","-0,104"
,"0,055","-0,154","-0,113"
,"0,066","-0,123","-0,119"
,"0,070","-0,139","-0,132"
,"0,094","-0,133","-0,132"
,"0,086","-0,124","-0,136"
,"0,099","-0,133","-0,145"
,"0,089","-0,119","-0,148"
,"0,052","-0,122","-0,148"
,"0,042","-0,128","-0,154"
,"0,050","-0,113","-0,173"
,"0,057","-0,117","-0,173"
,"0,053","-0,141","-0,176"
,"0,069","-0,121","-0,180"
,"0,109","-0,138","-0,006"
,"0,013","-0,123","-0,063"
,"0,079","-0,134","-0,052"
,"0,062","-0,122","-0,054"
,"0,068","-0,134","-0,049"
,"0,084","-0,125","-0,056"
,"0,108","-0,131","-0,050"
,"0,099","-0,144","-0,059"
,"0,095","-0,113","-0,066"
,"0,090","-0,102","-0,067"
,"0,060","-0,132","-0,081"
,"0,063","-0,090","-0,067"
,"0,078","-0,083","-0,071"
,"0,069","-0,087","-0,085"
,"0,069","-0,081","-0,091"
,"0,133","-0,089","0,090"
,"0,053","-0,076","-0,010"
,"0,128","-0,076","0,077"
,"0,104","-0,081","0,019"
,"0,124","-0,117","0,062"
,"0,118","-0,050","0,048"
,"0,105","-0,050","0,045"
,"0,074","-0,061","0,044"
,"0,098","-0,066","0,061"
,"-0,090","-0,064","0,048"
,"0,038","-0,067","-0,043"
,"0,052","-0,062","0,020"
,"0,065","-0,046","0,050"
,"0,072","-0,064","0,034"
,"0,068","-0,065","0,036"
,"0,131","-0,115","0,057"
,"0,099","-0,188","-0,022"
,"0,132","-0,228","-0,019"
,"0,132","-0,099","0,058"
,"0,104","-4,691","0,047"
,"0,127","-0,190","0,032"
,"0,117","-0,139","0,031"
,"0,077","-0,113","0,031"
,"0,105","0,005","0,035"
,"0,089","0,034","0,035"
,"0,093","0,036","0,038"
,"0,099","0,040","0,036"
,"0,097","0,025","0,029"
,"0,000","0,144","0,034"
,"0,080","0,144","0,020"
,"0,143","0,121","0,151"
,"0,006","0,125","0,008"
,"0,128","0,132","0,088"
,"0,070","0,115","0,122"
,"0,110","0,131","0,125"
,"0,098","0,131","0,104"
,"0,126","0,122","0,117"
,"0,126","0,127","0,116"
,"0,138","0,141","0,120"
,"0,138","0,135","0,116"
,"0,117","0,133","0,120"
,"0,095","0,139","0,097"
,"0,101","0,152","0,119"
,"0,109","0,140","0,104"
,"0,113","0,156","0,088"
,"0,137","0,166","0,137"
,"0,085","0,149","0,115"
,"0,145","0,164","0,133"
,"0,145","0,146","0,125"
,"0,177","0,149","0,130"
,"0,147","0,172","0,122"
,"0,125","0,124","0,136"
,"0,118","0,146","0,132"
,"0,086","0,131","0,129"
,"0,118","0,121","0,129"
,"0,134","0,164","0,130"
,"0,122","0,169","0,138"
,"0,131","0,166","0,127"
,"0,111","0,150","0,131"
,"0,127","0,160","0,130"
,"0,170","0,164","0,119"
,"0,088","0,160","0,130"
,"0,126","0,152","0,126"
,"0,138","0,163","0,139"
,"0,174","0,165","0,137"
,"0,150","0,162","0,137"
,"0,166","0,159","0,123"
,"0,166","0,163","0,126"
,"0,158","0,170","0,140"
,"0,178","0,168","0,139"
,"0,168","0,166","0,123"
,"0,155","0,159","0,136"
,"0,148","0,163","0,133"
,"0,118","0,170","0,143"
,"0,106","0,169","0,138"
,"0,199","0,174","0,162"
,"0,055","0,155","0,158"
,"0,133","0,166","0,159"
,"0,184","0,175","0,156"
,"0,176","0,176","0,150"
,"0,164","0,174","0,148"
,"0,184","0,167","0,144"
,"0,188","0,158","0,135"
,"0,163","0,177","0,150"
,"0,167","0,166","0,148"
,"0,167","0,171","0,145"
,"0,167","0,182","0,155"
,"0,165","0,179","0,151"
,"0,165","0,189","0,136"
,"0,181","0,186","0,138"
,"0,196","0,182","0,173"
,"0,172","0,166","0,044"
,"0,199","0,171","0,190"
,"0,179","0,170","0,174"
,"0,187","0,179","0,165"
,"0,191","0,166","0,138"
,"0,181","0,177","0,078"
,"0,184","0,179","0,155"
,"0,176","0,178","0,147"
,"0,176","0,175","0,146"
,"0,172","0,178","0,153"
,"0,188","0,180","0,135"
,"0,184","0,178","0,108"
,"0,182","0,171","0,140"
,"0,170","0,169","0,121"
,"0,200","0,173","0,166"
,"0,086","0,174","0,041"
,"0,157","0,175","0,099"
,"0,181","0,174","0,153"
,"0,173","0,176","0,165"
,"0,181","0,176","0,151"
,"0,173","0,176","0,149"
,"0,174","0,175","0,119"
,"0,198","0,176","0,135"
,"0,174","0,174","0,135"
,"0,190","0,178","0,148"
,"0,180","0,179","0,148"
,"0,183","0,177","0,143"
,"0,163","0,188","0,173"
,"0,187","0,186","0,176"
,"0,217","0,190","0,205"
,"0,073","0,198","0,082"
,"0,205","0,199","0,207"
,"0,221","0,200","0,191"
,"0,229","0,195","0,197"
,"0,212","0,200","0,197"
,"0,190","0,200","0,195"
,"0,104","-0,200","0,196"
,"0,148","0,197","0,186"
,"0,188","0,200","0,187"
,"0,180","0,199","0,187"
,"0,184","0,197","0,186"
,"0,197","0,195","0,185"
,"0,201","0,198","0,181"
,"0,197","0,198","0,184"
,"0,225","0,190","0,175"
,"0,109","0,188","0,163"
,"0,219","0,187","0,169"
,"0,199","0,186","0,152"
,"0,211","0,182","0,176"
,"0,227","0,188","0,170"
,"0,211","0,184","0,171"
,"0,186","0,182","0,175"
,"0,198","0,180","0,175"
,"0,218","0,179","0,165"
,"0,180","0,180","0,171"
,"0,151","0,182","0,169"
,"0,145","0,181","0,147"
,"0,189","0,175","0,168"
,"0,153","0,177","0,163"
,"0,221","0,176","0,175"
,"0,093","0,178","0,159"
,"0,178","0,178","0,161"
,"0,190","0,173","0,146"
,"0,218","0,172","0,153"
,"0,222","0,172","0,160"
,"0,202","0,168","0,164"
,"0,201","0,174","0,149"
,"0,112","0,170","0,159"
,"0,187","0,161","0,165"
,"0,187","0,156","0,137"
,"0,167","0,152","0,147"
,"0,188","0,142","0,146"
,"0,180","0,121","0,154"
,"0,180","0,112","0,156"
,"0,191","0,103","0,140"
,"0,146","0,108","0,148"
,"0,170","0,114","0,150"
,"0,178","0,025","0,144"
,"0,166","0,030","0,142"
,"0,186","0,105","0,111"
,"0,186","0,102","0,090"
,"0,183","0,089","0,106"
,"0,187","0,158","0,129"
,"0,171","0,158","0,104"
,"0,183","0,163","0,107"
,"0,169","0,149","0,066"
,"0,177","0,167","0,106"
,"0,177","0,166","0,118"
,"0,173","0,149","0,125"
,"0,178","0,151","0,149"
,"0,154","0,104","0,015"
,"0,181","0,008","0,130"
,"0,161","0,139","0,089"
,"0,169","0,131","0,079"
,"0,165","0,135","0,053"
,"0,173","0,139","0,073"
,"0,168","0,130","0,039"
,"0,168","0,146","-0,083"
,"0,168","0,141","-0,132"
,"0,168","0,146","-0,097"
,"0,148","0,148","-0,072"
,"0,156","0,141","-0,048"
,"0,152","0,132","0,074"
,"0,164","0,137","0,059"
,"0,172","0,126","0,054"
,"0,156","0,120","0,040"
,"0,162","0,131","0,033"
,"0,166","0,123","0,103"
,"0,166","0,129","0,084"
,"0,166","0,122","0,088"
,"0,166","0,124","0,106"
,"0,159","0,133","0,103"
,"0,141","0,132","0,108"
,"0,137","0,140","0,110"
,"0,132","0,138","0,101"
,"0,122","0,140","0,103"
,"0,105","0,130","0,089"
,"0,101","0,109","0,080"
,"0,125","0,120","0,049"
,"0,150","0,127","0,080"
,"0,062","0,127","0,043"
,"0,136","0,125","0,064"
,"0,114","0,103","0,067"
,"0,109","0,117","0,056"
,"0,117","0,110","0,040"
,"0,077","0,120","0,050"
,"0,117","0,113","0,057"
,"0,105","0,089","0,065"
,"0,121","0,085","0,057"
,"0,113","0,061","0,063"
,"0,099","0,086","0,055"
,"0,119","0,084","0,065"
,"0,090","0,053","0,061"
,"0,074","0,005","0,062"
,"0,113","0,040","0,059"
,"0,085","0,033","0,053"
,"0,102","0,034","0,069"
,"0,102","0,009","0,040"
,"0,122","0,014","0,032"
,"0,090","0,000","0,037"
,"0,104","0,010","0,055"
,"0,097","0,016","0,032"
,"0,091","0,002","0,040"
,"0,079","0,002","0,038"
,"0,095","-0,005","0,035"
,"0,091","-0,005","0,007"
,"0,073","-0,011","0,006"
,"0,076","-0,015","0,022"
,"0,059","-0,043","0,026"
,"0,100","-0,015","0,029"
,"0,096","-0,028","0,012"
,"0,067","-0,029","0,003"
,"0,082","-0,035","0,012"
,"0,065","-0,043","0,014"
,"0,065","-0,071","0,011"
,"0,089","-0,072","0,000"
,"0,073","-0,049","-0,008"
,"0,052","-0,055","-0,020"
,"0,030","-0,157","-0,013"
,"0,006","-0,064","-0,015"
,"0,037","-0,071","-0,023"
,"0,036","-0,081","-0,014"
,"0,023","-0,085","-0,010"
,"0,023","-0,073","-0,018"
,"0,078","-0,082","-0,017"
,"0,033","-0,101","-0,009"
,"0,003","-0,085","-0,024"
,"0,047","-0,094","-0,021"
,"0,055","-0,094","-0,042"
,"0,033","-0,100","-0,043"
,"-0,008","-0,108","-0,046"
,"-0,019","-0,095","-0,062"
,"-0,015","-0,097","-0,074"
,"-0,005","-0,097","-0,078"
,"-0,017","-0,129","-0,073"
,"-0,001","-0,120","-0,075"
,"-0,047","-0,113","-0,067"
,"-0,039","-0,130","-0,082"
,"-0,023","-0,126","-0,152"
,"0,004","-0,121","-0,034"
,"0,004","-0,126","-0,058"
,"0,001","-0,130","-0,043"
,"-0,016","-0,123","-0,046"
,"-0,036","-0,143","-0,078"
,"-0,082","-0,138","-0,056"
,"-0,058","-0,128","-0,071"
,"-0,053","-0,135","-0,074"
,"-0,053","-0,129","-0,073"
,"-0,069","-0,133","-0,075"
,"-0,037","-0,126","-0,087"
,"-0,046","-0,141","-0,079"
,"-0,082","-0,162","-0,076"
,"-0,094","-0,175","-0,087"
,"-0,066","-0,160","-0,092"
,"-0,043","-0,155","-0,113"
,"-0,052","-0,154","-0,109"
,"-0,137","-0,158","-0,111"
,"-0,127","-0,173","-0,094"
,"-0,127","-0,162","-0,116"
,"-0,119","-0,160","-0,122"
,"-0,106","-0,170","-0,125"
,"-0,158","-0,203","-0,125"
,"-0,130","-0,138","-0,123"
,"-0,155","-0,132","-0,137"
,"-0,127","-0,135","-0,146"
,"-0,159","-0,129","-0,160"
,"-0,190","-0,154","-0,146"
,"-0,193","-0,131","-0,157"
,"-0,157","-0,136","-0,164"
,"-0,149","-0,117","-0,164"
,"-0,137","-0,122","-0,170"
,"-0,135","-0,138","-0,188"
,"-0,139","-0,110","-0,198"
,"-0,154","-0,116","-0,193"
,"-0,138","-0,121","-0,189"
,"-0,146","-0,132","-0,213"
,"-0,129","-0,136","-0,213"
,"-0,130","-0,156","-0,214"
,"-0,154","-0,169","-0,225"
,"-0,158","-0,187","-0,242"
,"-0,134","-0,173","-0,233"
,"-0,162","-0,176","-0,254"
,"-0,182","-0,213","-0,254"
,"-0,159","-0,214","-0,265"
,"-0,108","-0,171","-0,080"
,"-0,096","-0,173","-0,161"
,"-0,164","-0,192","-0,141"
,"-0,189","-0,192","-0,135"
,"-0,165","-0,177","-0,161"
,"-0,145","-0,190","-0,156"
,"-0,152","-0,182","-0,155"
,"-0,171","-0,182","-0,169"
,"-0,187","-0,194","-0,243"
,"-0,168","-0,221","-0,246"
,"-0,180","-0,192","-0,230"
,"-0,192","-0,232","-0,239"
,"-0,184","-0,192","-0,232"
,"-0,181","-0,198","-0,182"
,"-0,207","-0,199","-0,189"
,"-0,161","-0,209","-0,061"
,"-0,146","-0,187","-0,125"
,"-0,181","-0,190","-0,067"
,"-0,178","-0,221","-0,095"
,"-0,186","-0,213","-0,096"
,"-0,200","-0,205","-0,091"
,"-0,233","-0,242","-0,124"
,"-0,205","-0,204","-0,088"
,"-0,213","-0,234","-0,081"
,"-0,246","-0,292","-0,082"
,"-0,250","-0,212","-0,093"
,"-0,214","-0,200","-0,110"
,"-0,232","-0,209","-0,106"
,"-0,223","-0,230","-0,105"
,"-0,243","-0,239","-0,111"
,"-0,213","-0,207","0,024"
,"-0,173","-0,250","-0,044"
,"-0,221","-0,247","-0,025"
,"-0,217","-0,229","-0,043"
,"-0,213","-0,206","-0,051"
,"-0,198","-0,200","-0,047"
,"-0,188","-0,198","-0,052"
,"-0,225","-0,206","-0,048"
,"-0,249","-0,193","-0,227"
,"-0,233","-0,196","-0,216"
,"-0,233","-0,201","-0,219"
,"-0,262","-0,195","-0,228"
,"-0,218","-0,199","-0,218"
,"-0,244","-0,227","-0,264"
,"-0,276","-0,198","-0,271"
,"-0,219","-0,211","-0,375"
,"-0,179","-0,214","-0,405"
,"-0,215","-0,216","-0,399"
,"-0,193","-0,211","-0,375"
,"-0,182","-0,198","-0,369"
,"-0,202","-0,215","-0,376"
,"-0,212","-0,197","-0,401"
,"-0,261","-0,192","-0,386"
,"-0,265","-0,192","-0,270"
,"-0,233","-0,204","-0,267"
,"-0,246","-0,211","-0,263"
,"-0,266","-0,227","-0,282"
,"-0,222","-0,188","-0,271"
,"-0,274","-0,238","-0,125"
,"-0,246","-0,213","-0,125"
,"-0,202","-0,180","-0,068"
,"-0,163","-0,162","-0,094"
,"-0,175","-0,185","-0,085"
,"-0,215","-0,172","-0,082"
,"-0,179","-0,180","-0,092"
,"-0,187","-0,174","-0,091"
,"-0,193","-0,173","-0,091"
,"-0,178","-0,189","-0,108"
,"-0,204","-0,160","-0,107"
,"-0,208","-0,188","-0,129"
,"-0,237","-0,165","-0,120"
,"-0,217","-0,174","-0,125"
,"-0,214","-0,175","-0,140"
,"-0,220","-0,181","-0,124"
,"-0,224","-0,170","-0,124"
,"-0,166","-0,144","0,065"
,"-0,179","-0,156","0,038"
,"-0,171","-0,146","0,059"
,"-0,219","-0,155","0,032"
,"-0,199","-0,152","0,034"
,"-0,171","-0,145","0,014"
,"-0,167","-0,164","0,040"
,"-0,181","-0,146","0,039"
,"-0,182","-0,158","-0,053"
,"-0,204","-0,149","0,021"
,"-0,224","-0,142","0,022"
,"-0,237","-0,142","0,006"
,"-0,221","-0,176","0,000"
,"-0,237","-0,152","0,012"
,"-0,218","-0,148","0,016"
,"-0,177","-0,154","0,098"
,"-0,165","-0,154","0,020"
,"-0,145","-0,142","0,040"
,"-0,182","-0,117","0,042"
,"-0,219","-0,083","0,054"
,"-0,191","-0,119","0,036"
,"-0,183","-0,097","0,050"
,"-0,195","-0,095","0,041"
,"-0,201","-0,117","0,018"
,"-0,210","-0,103","0,024"
,"-0,198","-0,131","0,001"
,"-0,216","-0,125","-0,010"
,"-0,201","-0,104","-0,016"
,"-0,197","-0,119","0,035"
,"-0,205","-0,118","0,035"
,"-0,149","-0,133","0,068"
,"-0,185","-0,130","0,035"
,"-0,161","-0,104","0,047"
,"-0,153","-0,100","0,050"
,"-0,141","-0,129","0,069"
,"-0,158","-0,099","0,076"
,"-0,175","-0,105","0,072"
,"-0,144","-0,116","0,062"
,"-0,144","-0,060","0,083"
,"-0,144","-0,063","0,078"
,"-0,140","-0,055","0,079"
,"-0,153","-0,049","0,078"
,"-0,163","-0,103","0,086"
,"-0,153","-0,072","0,084"
,"-0,161","-0,062","0,083"
,"-0,100","-0,071","0,048"
,"-0,190","-0,054","0,083"
,"-0,177","-0,054","0,091"
,"-0,181","-0,099","0,094"
,"-0,149","-0,103","0,103"
,"-0,145","-0,116","0,098"
,"-0,141","-0,097","0,114"
,"-0,129","-0,091","0,107"
,"-0,155","-0,074","0,103"
,"-0,155","-0,092","0,113"
,"-0,151","-0,084","0,100"
,"-0,151","-0,075","0,100"
,"-0,140","-0,071","0,117"
,"-0,136","-0,077","0,111"
,"-0,145","-0,076","0,116"
,"-0,092","-0,065","0,086"
,"-0,132","-0,062","0,067"
,"-0,140","-0,067","0,062"
,"-0,181","-0,058","0,074"
,"-0,135","-0,047","0,094"
,"-0,139","-0,044","0,079"
,"-0,147","-0,046","0,063"
,"-0,157","-0,041","0,066"
,"-0,149","-0,038","0,084"
,"-0,157","-0,039","0,065"
,"-0,153","-0,040","0,042"
,"-0,154","-0,043","0,074"
,"-0,119","-0,079","0,064"
,"-0,152","-0,024","0,082"
,"-0,132","-0,077","0,071"
,"-0,076","-0,033","0,160"
,"-0,128","-0,040","0,125"
,"-0,082","-0,096","0,145"
,"-0,090","-0,103","0,123"
,"-0,078","-0,085","0,137"
,"-0,078","-0,089","0,134"
,"-0,108","-0,064","0,135"
,"-0,155","-0,125","0,140"
,"-0,139","-0,027","0,131"
,"-0,145","-0,027","0,111"
,"-0,149","-0,039","0,130"
,"-0,253","-0,050","0,129"
,"-0,293","-0,048","0,112"
,"-0,273","-0,069","0,120"
,"-0,265","-0,065","0,136"
,"-0,202","-0,067","0,128"
,"-0,152","-0,072","0,116"
,"-0,121","-0,068","0,119"
,"-0,097","-0,065","0,120"
,"-0,113","-0,079","0,080"
,"-0,121","-0,085","0,099"
,"-0,117","-0,061","0,105"
,"-0,119","-0,066","0,102"
,"-0,107","-0,071","0,097"
,"-0,111","-0,054","0,102"
,"-0,140","-0,061","0,106"
,"-0,117","-0,060","0,092"
,"-0,203","-0,058","0,092"
,"-0,135","-0,081","0,111"
,"-0,141","-0,060","0,112"
,"-0,086","-0,070","0,169"
,"-0,138","-0,056","0,141"
,"-0,094","-0,081","0,185"
,"-0,102","-0,064","0,143"
,"-0,107","-0,058","0,140"
,"-0,123","-0,056","0,147"
,"-0,115","-0,067","0,128"
,"-0,115","-0,060","0,017"
,"-0,111","-0,069","0,115"
,"-0,127","-0,060","0,115"
,"-0,195","-0,117","0,118"
,"-0,107","-0,056","0,128"
,"-0,085","-0,056","0,124"
,"-0,081","-0,056","0,160"
,"-0,081","-0,056","0,163"
,"-0,062","-0,056","0,179"
,"-0,106","-0,056","0,134"
,"-0,059","-0,056","0,137"
,"-0,039","-0,054","0,143"
,"-0,052","-0,054","0,156"
,"-0,072","-0,054","0,155"
,"-0,056","-0,045","0,154"
,"-0,077","-0,045","0,143"
,"-0,073","-0,047","0,023"
,"-0,078","-0,047","0,169"
,"-0,078","-0,047","0,169"
,"-0,078","-0,047","0,167"
,"-0,011","-0,047","0,147"
,"-0,011","-0,029","0,177"
,"-0,011","-0,029","0,176"
,"0,036","-0,020","0,196"
,"0,036","-0,020","0,085"
,"0,006","-0,020","0,210"
,"0,006","-0,038","0,197"
,"0,006","-0,038","0,200"
,"-0,004","-0,038","0,193"
,"-0,017","-0,038","0,194"
,"-0,092","-0,038","0,200"
,"-0,096","-0,038","0,193"
,"-0,084","-0,038","0,194"
,"-0,084","-0,038","0,196"
,"-0,084","-0,038","0,183"
,"0,021","-0,038","0,194"
,"0,013","-0,038","0,198"
,"0,021","-0,038","0,199"
,"0,059","-0,038","0,206"
,"0,059","-0,038","0,215"
,"0,033","-0,038","0,194"
,"0,024","-0,038","0,205"
,"0,012","-0,038","0,208"
,"0,020","-0,038","0,202"
,"0,012","-0,038","0,203"
,"0,018","-0,038","0,201"
,"0,018","-0,007","0,203"
,"0,018","-0,007","0,201"
,"0,018","-0,007","0,143"
,"-0,378","-0,007","0,208"
,"-0,005","-0,007","0,211"
,"0,011","-0,026","0,205"
,"0,003","-0,026","0,203"
,"0,029","-0,026","0,201"
,"0,045","-0,026","0,199"
,"0,031","-0,026","0,199"
,"-0,049","-0,005","0,145"
,"0,023","-0,005","0,208"
,"0,043","-0,005","0,213"
,"0,031","-0,005","0,207"
,"-0,058","-0,005","0,195"
,"-0,071","-0,020","0,202"
,"-0,075","-0,020","0,210"
,"-0,067","-0,020","0,201"
,"-0,147","-0,020","0,142"
,"-0,024","-0,020","0,206"
,"-0,016","-0,020","0,211"
,"-0,028","-0,020","0,196"
,"-0,034","-0,020","0,201"
,"-0,018","-0,020","0,203"
,"-0,001","-0,020","0,207"
,"-0,021","0,004","0,207"
,"-0,101","0,004","0,145"
,"-0,013","0,004","0,205"
,"-0,009","0,004","0,205"
,"-0,062","0,004","0,206"
,"-0,054","-0,032","0,204"
,"-0,054","-0,032","0,200"
,"-0,046","-0,032","0,208"
,"-0,054","-0,032","0,198"
,"-0,115","-0,032","0,140"
,"-0,040","-0,015","0,198"
,"-0,044","-0,015","0,212"
,"-0,043","-0,015","0,204"
,"-0,031","-0,015","0,209"
,"-0,030","-0,015","0,198"
,"-0,026","-0,011","0,216"
,"-0,046","-0,011","0,198"
,"-0,106","-0,011","0,150"
,"-0,034","-0,011","0,204"
,"-0,038","-0,011","0,214"
,"-0,046","-0,030","0,200"
,"-0,050","-0,030","0,205"
,"-0,054","-0,030","0,197"
,"-0,050","-0,030","0,208"
,"-0,025","-0,030","0,187"
,"-0,114","-0,008","0,144"
,"-0,042","-0,008","0,208"
,"-0,025","-0,008","0,211"
,"-0,029","-0,008","0,210"
,"-0,036","-0,008","0,202"
,"-0,060","-0,023","0,200"
,"-0,040","-0,023","0,203"
,"-0,048","-0,023","0,200"
,"-0,128","-0,023","0,142"
,"-0,040","-0,023","0,205"
,"-0,028","-0,026","0,214"
,"-0,044","-0,026","0,200"
,"-0,024","-0,026","0,196"
,"-0,028","-0,026","0,200"
,"-0,026","-0,026","0,206"
,"-0,036","-0,002","0,211"
,"-0,052","-0,002","0,144"
,"-0,026","-0,002","0,205"
,"-0,022","-0,002","0,203"
,"-0,217","-0,002","0,211"
,"-0,493","-0,038","0,196"
,"-0,153","-0,038","0,198"
,"-2,641","-0,038","0,207"
,"-0,201","-0,264","0,197"
,"-1,590","-0,057","0,139"
,"-0,194","-0,046","0,195"
,"-0,030","-0,057","0,212"
,"-0,042","-0,058","0,203"
,"-0,034","-0,059","0,202"
,"-0,062","-0,047","0,203"
,"-0,058","-0,074","0,211"
,"-0,058","-0,135","0,187"
,"-0,130","-0,053","0,142"
